TissueName;TissueProvider
2;Китай
3;Китай
5;Китай
6;Китай
10;Китай
11;Китай
16;Китай
17;Китай
18;Китай
19;Китай
22;Китай
22;Китай
22;Китай
23;Китай
24;Китай
25;Китай
26;Китай
27;Китай
30;Китай
31;Китай
32;Китай
33;Китай
34;Китай
102;Китай
107;Китай
108;Китай
155;Китай
156;Китай
157;Китай
158;Китай
159;Китай
160;Китай
161;Китай
174;Китай
175;Китай
201;Китай
203;Китай
210;Китай
220;Китай
233;Китай
237;Китай
239;Китай
257;Китай
261;Китай
266;Китай
267;Китай
268;Китай
269;Китай
270;Китай
271;Китай
274;Китай
275;Китай
276;Китай
277;Китай
284;Китай
285;Китай
286;Китай
287;Китай
289;Китай
291;Китай
293;Китай
301;Китай
302;Китай
303;Китай
304;Китай
305;Китай
306;Китай
308;Китай
309;Китай
310;Китай
311;Китай
312;Китай
501;Китай
1007;Китай
1009;Китай
1010;Китай
1030;Китай
1031;Китай
1033;Китай
1034;Китай
1037;Китай
1038;Китай
1042;Китай
1043;Китай
1046;Китай
1048;Китай
1049;Китай
1050;Китай
1051;Китай
1052;Китай
1053;Китай
1054;Китай
1055;Китай
1056;Китай
1057;Китай
1058;Китай
1059;Китай
1101;Китай
1105;Китай
1109;Китай
1110;Китай
1111;Китай
1112;Китай
1113;Китай
1117;Китай
1118;Китай
1119;Китай
1123;Китай
1127;Китай
1131;Китай
1133;Китай
1140;Китай
1141;Китай
1143;Китай
1144;Китай
1145;Китай
1146;Китай
1147;Китай
1150;Китай
1151;Китай
1154;Китай
1155;Китай
1156;Китай
1157;Китай
1158;Китай
1159;Китай
1161;Китай
1162;Китай
1163;Китай
1165;Китай
1166;Китай
1167;Китай
1168;Китай
1169;Китай
1170;Китай
1171;Китай
1172;Китай
1173;Китай
1174;Китай
1175;Китай
1176;Китай
1306;Китай
1337;Китай
1339;Китай
1364;Китай
1365;Китай
1366;Китай
1368;Китай
1373;Китай
1374;Китай
1375;Китай
1377;Китай
1380;Китай
1382;Китай
1384;Китай
1388;Китай
1389;Китай
1394;Китай
1397;Китай
1407;Китай
1415;Китай
1416;Китай
1418;Китай
1422;Китай
1437;Китай
1440;Китай
1441;Китай
1442;Китай
1500;Китай
1501;Китай
1504;Китай
1511;Китай
1515;Китай
1516;Китай
1517;Китай
1518;Китай
1519;Китай
1523;Китай
1524;Китай
1525;Китай
1526;Китай
1527;Китай
1528;Китай
1531;Китай
1532;Китай
1535;Китай
1537;Китай
1544;Китай
1545;Китай
1546;Китай
1547;Китай
2000;Китай
2001;Китай
2002;Китай
2004;Китай
2010;Китай
2202;Китай
2203;Китай
2208;Китай
2209;Китай
2210;Китай
2211;Китай
2212;Китай
2239;Китай
3006;Китай
3031;Китай
3041;Китай
3042;Китай
3043;Китай
3210;Китай
3211;Китай
3301;Китай
3310;Китай
3311;Китай
3312;Китай
3435;Китай
4016;Китай
4017;Китай
4034;Китай
4037;Китай
4039;Китай
4046;Китай
4048;Китай
4053;Китай
4055;Китай
4057;Турция
4060;Турция
4068;Турция
4069;Турция
4080;Турция
4081;Турция
4085;Турция
4086;Турция
4087;Турция
4088;Турция
4089;Турция
4090;Турция
4092;Турция
4093;Турция
4094;Турция
4095;Турция
4096;Турция
4097;Турция
4098;Турция
4099;Турция
4100;Турция
4102;Турция
4103;Турция
4106;Турция
4107;Турция
4108;Турция
4109;Турция
4120;Турция
4135;Турция
4139;Турция
4140;Турция
4141;Турция
4142;Турция
4143;Турция
4144;Турция
4145;Турция
4146;Турция
4147;Турция
4148;Турция
4149;Турция
4150;Турция
4301;Турция
4302;Турция
4303;Турция
4330;Турция
4339;Турция
4342;Турция
4344;Турция
4349;Турция
4365;Турция
4370;Турция
4372;Турция
4379;Турция
4389;Турция
4398;Турция
4409;Турция
4427;Турция
4431;Турция
4433;Турция
4436;Турция
4439;Турция
4444;Турция
4449;Турция
4454;Турция
4466;Турция
4468;Турция
4475;Турция
4477;Турция
4478;Турция
4479;Турция
4480;Турция
4481;Турция
4482;Турция
4483;Турция
4484;Турция
4485;Турция
4486;Турция
4487;Турция
4488;Турция
4489;Турция
4490;Турция
4491;Турция
4493;Турция
4494;Турция
4495;Турция
4496;Турция
4497;Турция
4500;Турция
4501;Турция
4502;Турция
4505;Турция
4506;Турция
4507;Турция
4508;Турция
4509;Турция
4510;Турция
4511;Турция
4512;Турция
4513;Турция
4514;Турция
4515;Турция
4516;Турция
4517;Турция
4518;Турция
4519;Турция
4520;Турция
4574;Турция
4575;Турция
4576;Турция
4579;Турция
5150;Турция
5152;Турция
5161;Турция
5162;Турция
5172;Турция
5173;Турция
5175;Турция
5203;Турция
5251;Турция
5353;Турция
5900;Турция
6001;Турция
6005;Турция
6062;Турция
6063;Турция
6066;Турция
6068;Турция
6310;Турция
6328;Турция
6329;Турция
6330;Турция
6331;Турция
6332;Турция
6402;Турция
6407;Турция
6408;Турция
6409;Турция
6415;Турция
6418;Турция
6419;Турция
6420;Турция
6421;Турция
6430;Турция
6431;Турция
6432;Турция
6605;Турция
6607;Турция
6608;Турция
6609;Турция
6613;Турция
6614;Турция
6615;Турция
6616;Турция
6618;Турция
6619;Турция
6701;Турция
6704;Турция
6706;Турция
6710;Турция
6719;Турция
6722;Турция
6802;Турция
6803;Турция
6805;Турция
6861;Турция
6863;Турция
7001;Турция
7901;Турция
8001;Турция
9003;Турция
9017;Турция
9070;Турция
9076;Турция
9102;Турция
9103;Турция
9104;Турция
9107;Турция
9108;Турция
9109;Турция
9110;Турция
9111;Турция
9113;Турция
9114;Турция
9115;Турция
9810;Турция
9825;Турция
9829;Турция
9901;Турция
9902;Турция
9903;Турция
9909;Турция
9998;Турция
9999;Турция